t,src,I,Tr
1980.0,10000.0,1.0,0.0
1980.04,10134.222099658215,1.0298424675757802,0.0
1980.08,10270.245661488405,1.0676934910490838,0.0
1980.12,10408.094860330091,1.106935698148121,0.0
1980.1599999999999,10547.794195306018,1.1476202206971575,0.0
1980.1999999999998,10689.368494171626,1.1898000698291311,0.0
1980.2399999999998,10832.842917718459,1.2335302050581163,0.0
1980.2799999999997,10978.242964236395,1.2788676058904898,0.0
1980.3199999999997,11125.594474035468,1.3258713460681073,0.0
1980.3599999999997,11274.923634028093,1.3746026705402277,0.0
1980.3999999999996,11426.256982372472,1.4251250752644777,0.0
1980.4399999999996,11579.621413178,1.477504389940836,0.0
1980.4799999999996,11735.044181273497,1.5318088637864384,0.0
1980.5199999999995,11892.552907039084,1.5881092544629654,0.0
1980.5599999999995,12052.175581302554,1.6464789202724839,0.0
1980.5999999999995,12213.940570301087,1.7069939157418734,0.0
1980.6399999999994,12377.87662070917,1.769733090720378,0.0
1980.6799999999994,12544.0128647336,1.8347781931194107,0.0
1980.7199999999993,12712.378825276455,1.9022139754284733,0.0
1980.7599999999993,12883.004421166926,1.972128305145985,0.0
1980.7999999999993,13055.919972462927,2.044612279268905,0.0
1980.8399999999992,13231.156205823389,2.119760342990328,0.0
1980.8799999999992,13408.744259952182,2.197670412759713,0.0
1980.9199999999992,13588.71569111461,2.278444003866094,0.0
1980.9599999999991,13771.102478727413,2.3621863627105033,0.0
1980.999999999999,13955.937031023272,2.4490066039399645,0.0
1981.039999999999,14143.252190790785,2.5390178526217304,0.0
1981.079999999999,14333.081241190897,2.6323373916430226,0.0
1981.119999999999,14525.457911650803,2.729086814528327,0.0
1981.159999999999,14720.416383836333,2.8293921838733658,0.0
1981.199999999999,14917.991297703857,2.933384195602181,0.0
1981.2399999999989,15118.217757632741,3.0411983492613524,0.0
1981.2799999999988,15321.131338639434,3.152975124573245,0.0
1981.3199999999988,15526.768092674216,3.268860164478324,0.0
1981.3599999999988,15735.164555001738,3.3890044649050406,0.0
1981.3999999999987,15946.357750666413,3.513564571514561,0.0
1981.4399999999987,16160.385201043791,3.642702783676684,0.0
1981.4799999999987,16377.284930479029,3.776587365942727,0.0
1981.5199999999986,16597.095473013596,3.9153927672909297,0.0
1981.5599999999986,16819.855879201386,4.059299848430042,0.0
1981.5999999999985,17045.605723015367,4.208496117457273,0.0
1981.6399999999985,17274.38510884598,4.363175974177651,0.0
1981.6799999999985,17506.234678592482,4.523540963403151,0.0
1981.7199999999984,17741.195618848415,4.68980003756162,0.0
1981.7599999999984,17979.309668182457,4.862169828957683,0.0
1981.7999999999984,18220.61912451589,5.040874932040376,0.0
1981.8399999999983,18465.166852597933,5.226148196045298,0.0
1981.8799999999983,18712.996291580195,5.418231028392583,0.0
1981.9199999999983,18964.15146269158,5.617373709236028,0.0
1981.9599999999982,19218.67697701491,5.823835717573206,0.0
1981.9999999999982,19476.618043366583,6.0378860693415035,0.0
1982.0399999999981,19738.02047628062,6.259803667940592,0.0
1982.079999999998,20002.930704098453,6.489877667638081,0.0
1982.119999999998,20271.39577716578,6.728407850331835,0.0
1982.159999999998,20543.463376137923,6.975705016159899,0.0
1982.199999999998,20819.181820395057,7.232091388466963,0.0
1982.239999999998,21098.600076568728,7.497901033655047,0.0
1982.279999999998,21381.767767181107,7.773480296465454,0.0
1982.319999999998,21668.73517939841,8.059188251259156,0.0
1982.3599999999979,21959.55327389997,8.35539716988363,0.0
1982.3999999999978,22254.27369386443,8.662493006735753,0.0
1982.4399999999978,22552.94877407458,8.98087590165279,0.0
1982.4799999999977,22855.631550142316,9.310960701286742,0.0
1982.5199999999977,23162.375767855316,9.653177499641368,0.0
1982.5599999999977,23473.235892646928,10.00797219847622,0.0
1982.5999999999976,23788.26711919089,10.375807088307871,0.0
1982.6399999999976,24107.525381122447,10.757161450765361,0.0
1982.6799999999976,24431.067360887486,11.152532183084743,0.0
1982.7199999999975,24758.9504997213,11.562434445556407,0.0
1982.7599999999975,25091.233007758652,11.987402332768813,0.0
1982.7999999999975,25427.97387427678,12.427989569523232,0.0
1982.8399999999974,25769.232878073042,12.884770232326284,0.0
1982.8799999999974,26115.070597978898,13.35833949740033,0.0
1982.9199999999973,26465.548423511947,13.849314416186393,0.0
1982.9599999999973,26820.728565667774,14.35833471935005,0.0
1982.9999999999973,27180.674067853328,14.886063650337912,0.0
1983.0399999999972,27545.448816963668,15.433188829570792,0.0
1983.0799999999972,27915.11755460383,16.000423150399598,0.0
1983.1199999999972,28289.745888457637,16.58850570799135,0.0
1983.1599999999971,28669.400303805334,17.198202762355642,0.0
1983.199999999997,29054.148175191825,17.830308736766387,0.0
1983.239999999997,29444.057778247472,18.48564725287971,0.0
1983.279999999997,29839.19830166329,19.165072203896763,0.0
1983.319999999997,30239.639859322506,19.869468867169804,0.0
1983.359999999997,30645.45350259036,20.59975505770115,0.0
1983.399999999997,31056.711232764184,21.356882324038096,0.0
1983.4399999999969,31473.486013685644,22.14183718812197,0.0
1983.4799999999968,31895.851784517206,22.9556424307068,0.0
1983.5199999999968,32323.883472684836,23.79935842402255,0.0
1983.5599999999968,32757.657006988946,24.67408451341928,0.0
1983.5999999999967,33197.249330885665,25.580960449792514,0.0
1983.6399999999967,33642.738415940505,26.521167874656253,0.0
1983.6799999999967,34094.203275456515,27.49593185979864,0.0
1983.7199999999966,34551.723978279064,28.5065225035264,0.0
1983.7599999999966,35015.38166277936,29.55425658557797,0.0
1983.7999999999965,35485.258551018866,30.6404992828616,0.0
1983.8399999999965,35961.437963096854,31.766665948254037,0.0
1983.8799999999965,36444.0043316832,32.93422395477747,0.0
1983.9199999999964,36933.04321673871,34.14469460755776,0.0
1983.9599999999964,37428.64132042516,35.399655126055066,0.0
1983.9999999999964,37930.88650220739,36.700740699149826,0.0
1984.0399999999963,38439.867794149635,38.0496466157617,0.0
1984.0799999999963,38955.675416408485,39.44813047377771,0.0
1984.1199999999963,39478.40079292468,40.898014470167695,0.0
1984.1599999999962,40008.13656731621,42.40118777527119,0.0
1984.1999999999962,40544.97661897495,43.95960899434919,0.0
1984.2399999999961,41089.01607936929,45.5753087196083,0.0
1984.279999999996,41640.35134855514,47.25039217602248,0.0
1984.319999999996,42199.08011189764,48.98704196439977,0.0
1984.359999999996,42765.30135700617,50.78752090526823,0.0
1984.399999999996,43339.11539088493,52.6541749872866,0.0
1984.439999999996,43920.62385730169,54.5894364240214,0.0
1984.479999999996,44509.92975437709,56.59582682307338,0.0
1984.519999999996,45107.13745239709,58.67596047168264,0.0
1984.5599999999959,45712.35271185102,60.832547743093514,0.0
1984.5999999999958,46325.68270169775,63.06839862811759,0.0
1984.6399999999958,46947.236017862626,65.38642639649653,0.0
1984.6799999999957,47577.122701967615,67.78965139283521,0.0
1984.7199999999957,48215.4542602973,70.2812049720514,0.0
1984.7599999999957,48862.343683003346,72.86433357946962,0.0
1984.7999999999956,49517.90546354996,75.5424029808756,0.0
1984.8399999999956,50182.25561840309,78.31890264804287,0.0
1984.8799999999956,50855.51170696582,81.19745030544591,0.0
1984.9199999999955,51537.792851762824,84.18179664408403,0.0
1984.9599999999955,52229.219758876316,87.27583020855793,0.0
1984.9999999999955,52929.91473863635,90.48358246376691,0.0
1985.0399999999954,53640.001726567985,93.80923304782831,0.0
1985.0799999999954,54359.606304598165,97.2571152180639,0.0
1985.1199999999953,55088.855722524844,100.83172149714885,0.0
1985.1599999999953,55827.87891975117,104.53770952678052,0.0
1985.1999999999953,56576.8065472874,108.379908136494,0.0
1985.2399999999952,57335.77099002324,112.36332363553201,0.0
1985.2799999999952,58104.90638927334,116.49314633596747,0.0
1985.3199999999952,58884.34866559869,120.77475731557801,0.0
1985.3599999999951,59674.23554190658,125.21373542928461,0.0
1985.399999999995,60474.70656683187,129.81586457828973,0.0
1985.439999999995,61285.903138402326,134.587141246387,0.0
1985.479999999995,62107.96852799067,139.53378231326158,0.0
1985.519999999995,62941.04790455613,144.66223315496222,0.0
1985.559999999995,63785.28835917812,149.97917604209954,0.0
1985.599999999995,64640.83892988484,155.49153884671315,0.0
1985.6399999999949,65507.850626779385,161.2065040691528,0.0
1985.6799999999948,66386.47645746614,167.13151819673507,0.0
1985.7199999999948,67276.8714527801,173.27430140636997,0.0
1985.7599999999948,68179.19269282176,179.64285762379959,0.0
1985.7999999999947,69093.59933330011,186.24548495255598,0.0
1985.8399999999947,70020.25263218666,193.09078648622696,0.0
1985.8799999999947,70959.31597668274,200.18768151811784,0.0
1985.9199999999946,71910.95491050287,207.5454171629153,0.0
1985.9599999999946,72875.33716147667,215.1735804054959,0.0
1985.9999999999945,73852.6326694719,223.08211059257897,0.0
1986.0399999999945,74843.01361464107,231.28131238349994,0.0
1986.0799999999945,75846.654445994,239.78186917697877,0.0
1986.1199999999944,76863.73191029903,248.59485703137852,0.0
1986.1599999999944,77894.4250813149,257.7317590965916,0.0
1986.1999999999944,78938.91538935593,267.20448057635815,0.0
1986.2399999999943,79997.38665119268,277.0253642405127,0.0
1986.2799999999943,81070.02510029032,287.2072065073704,0.0
1986.3199999999943,82157.019417387,297.7632741172085,0.0
1986.3599999999942,83258.56076141416,308.70732141856803,0.0
1986.3999999999942,84374.84280076122,320.05360828989967,0.0
1986.4399999999941,85506.06174488622,331.8169187199049,0.0
1986.479999999994,86652.41637627468,344.0125800707825,0.0
1986.519999999994,87814.10808274845,356.6564830494803,0.0
1986.559999999994,88991.34089012638,369.76510241297376,0.0
1986.599999999994,90184.3214952383,383.35551843455045,0.0
1986.639999999994,91393.2592992944,397.44543915907025,0.0
1986.679999999994,92618.36644161103,412.0532234761997,0.0
1986.719999999994,93859.85783369471,427.19790504168424,0.0
1986.7599999999939,95117.95119368551,442.8992170778273,0.0
1986.7999999999938,96392.86708116105,459.17761808549113,0.0
1986.8399999999938,97684.82893230229,476.0543185011211,0.0
1986.8799999999937,98994.063095422,493.5513083335272,0.0
1986.9199999999937,100320.79886685679,511.6913858164334,0.0
1986.9599999999937,101665.26852722344,530.4981871141279,0.0
1986.9999999999936,103027.70737804011,551.5331079389373,0.0
1987.0399999999936,104408.32833055171,581.4800084836924,0.0
1987.0799999999936,105807.35696924971,613.0697887879481,0.0
1987.1199999999935,107225.03357671876,646.3934830022631,0.0
1987.1599999999935,108661.60128405092,681.5472189002822,0.0
1987.1999999999935,110117.3060879965,718.6325055919224,0.0
1987.2399999999934,111592.39686715396,757.7565376385458,0.0
1987.2799999999934,113087.12539711795,799.0325165136102,0.0
1987.3199999999933,114601.7463644997,842.5799904070336,0.0
1987.3599999999933,116136.51737972873,888.5252134294662,0.0
1987.3999999999933,117691.69898853906,937.0015253340093,0.0
1987.4399999999932,119267.55468203744,988.1497529378643,0.0
1987.4799999999932,120864.35090524449,1042.1186344951425,0.0
1987.5199999999932,122482.35706399338,1099.065268344845,0.0
1987.5599999999931,124121.84553006344,1159.1555872350714,0.0
1987.599999999993,125783.09164441857,1222.5648598060875,0.0
1987.639999999993,127466.37371841258,1289.4782208012427,0.0
1987.679999999993,129171.9730328152,1360.0912316661615,0.0
1987.719999999993,130900.1738345037,1434.6104732934416,0.0
1987.759999999993,132651.26333065543,1513.2541727725907,0.0
1987.799999999993,134425.5316802672,1596.2528661134666,0.0
1987.8399999999929,136223.27198281628,1683.8500990263997,0.0
1987.8799999999928,138044.78026386737,1776.3031679638632,0.0
1987.9199999999928,139890.35545741743,1873.8839037574073,0.0
1987.9599999999928,141760.29938475843,1976.8795003200219,0.0
1987.9999999999927,143654.9167296244,2085.5933910285826,0.0
1988.0399999999927,145574.51500937564,2200.3461755540525,0.0
1988.0799999999927,147519.40454195757,2321.4766000691543,0.0
1988.1199999999926,149489.89840835682,2449.3425939348467,0.0
1988.1599999999926,151486.31241025976,2584.3223661486886,0.0
1988.1999999999925,153508.9650226019,2726.815565030666,0.0
1988.2399999999925,155558.1773406771,2877.2445048259374,0.0
1988.2799999999925,157634.27302145708,3036.055463119876,0.0
1988.3199999999924,159737.5782187494,3203.720053189524,0.0
1988.3599999999924,161868.4215118013,3380.736675657802,0.0
1988.3999999999924,164027.13382693272,3567.6320540734437,0.0
1988.4399999999923,166214.04835175708,3764.9628593114353,0.0
1988.4799999999923,168429.50044152272,3973.3174279766617,0.0
1988.5199999999923,170673.8275170794,4193.317580298476,0.0
1988.5599999999922,172947.3689539456,4425.620543327022,0.0
1988.5999999999922,175250.46596192068,4670.920985584417,0.0
1988.6399999999921,177583.461454653,4929.953169686556,0.0
1988.679999999992,179946.69990854128,5203.493229835432,0.0
1988.719999999992,182340.52721030742,5492.36158148893,0.0
1988.759999999992,184765.29049254218,5797.425470946229,0.0
1988.799999999992,187221.33795648188,6119.601673043881,0.0
1988.839999999992,189709.01868123133,6459.859345641675,0.0
1988.879999999992,192228.68241860138,6819.223050090356,0.0
1988.919999999992,194780.67937268023,7198.775947416736,0.0
1988.9599999999919,197365.35996320544,7599.663180537613,0.0
1988.9999999999918,199983.0745717486,8023.095453424168,0.0
1989.0399999999918,202634.17326966554,8470.352818785163,0.0
1989.0799999999917,205319.0055267034,8942.788686522474,0.0
1989.1199999999917,208037.91989909048,9441.83406593875,0.0
1989.1599999999917,210791.26369586412,9969.00205544649,0.0
1989.1999999999916,213579.38262211956,10525.892594343448,0.0
1989.2399999999916,216402.62039778358,11114.197492083635,0.0
1989.2799999999916,219261.3183504348,11735.705751389254,0.0
1989.3199999999915,222155.81498060428,12392.309202519826,0.0
1989.3599999999915,225086.44549789774,13086.008467043823,0.0
1989.3999999999915,228053.54132618237,13818.919270548873,0.0
1989.4399999999914,231057.4295759765,14593.279124882674,0.0
1989.4799999999914,234098.43248207108,15411.454401742227,0.0
1989.5199999999913,237176.8668042938,16275.94782072795,0.0
1989.5599999999913,240293.04318920398,17189.40637635619,0.0
1989.5999999999913,243447.26549037424,18154.629729983255,0.0
1989.6399999999912,246639.83004477632,19174.579094141453,0.0
1989.6799999999912,249871.02490264122,20252.386638427917,0.0
1989.7199999999912,253141.1290080074,21391.365447826043,0.0
1989.7599999999911,256450.41132700545,22595.02006618288,0.0
1989.799999999991,259799.12992075263,23867.057659520437,0.0
1989.839999999991,263187.5309595446,25211.39983593118,0.0
1989.879999999991,266615.847674835,26632.195161005,0.0
1989.919999999991,270084.2992452851,28133.832410064526,0.0
1989.959999999991,273593.0896129443,29720.954600955774,0.0
1989.999999999991,277142.40622538835,31398.47385375989,0.0
1990.0399999999909,280732.4186993945,33171.587126569124,0.0
1990.0799999999908,284363.27740146767,35045.79287941472,0.0
1990.1199999999908,288035.1119402558,37026.908721557236,0.0
1990.1599999999908,291748.02956559433,39121.09010066103,0.0
1990.1999999999907,295502.11346860835,41334.8500958865,0.0
1990.2399999999907,299297.4209769679,43675.08038065739,0.0
1990.2799999999907,303133.98163904075,46149.07342481018,0.0
1990.3199999999906,307011.7951903134,48764.54601002085,0.0
1990.3599999999906,310930.82939505606,51529.66413684679,0.0
1990.3999999999905,314891.01775578765,54453.0694064328,0.0
1990.4399999999905,318892.25708265405,57543.90696492745,0.0
1990.4799999999905,322934.4049143596,60811.85510395616,0.0
1990.5199999999904,327017.27678179514,64267.15661611901,0.0
1990.5599999999904,331140.64330497396,67920.65201044489,0.0
1990.5999999999904,335304.2271133286,71783.81469905816,0.0
1990.6399999999903,339507.6995788243,75868.78827302445,0.0
1990.6799999999903,343750.67735071527,80188.42599245912,0.0
1990.7199999999903,348032.7186801016,84756.33262353278,0.0
1990.7599999999902,352353.31952173455,89586.9087630179,0.0
1990.7999999999902,356711.9093997669,94695.39779951793,0.0
1990.8399999999901,361107.8470233487,100097.9356695357,0.0
1990.87999999999,365540.41563712154,105811.60357610157,0.0
1990.91999999999,370008.818090771,111854.48384782944,0.0
1990.95999999999,374512.1716108437,118245.71912703462,0.0
1990.99999999999,379049.5022570309,125005.57508697039,0.0
1991.03999999999,383619.739044049,132155.50689036047,0.0
1991.07999999999,388221.7077091154,139718.22961426456,0.0
1991.11999999999,392854.1241038176,147717.7928799604,0.0
1991.1599999999899,397515.587187896,156179.65994100538,0.0
1991.1999999999898,402204.57160111185,165130.7914980065,0.0
1991.2399999999898,406919.4197879366,174599.73452493286,0.0
1991.2799999999897,411658.3336482795,184616.71640910802,0.0
1991.3199999999897,416419.36568585626,195213.7447253823,0.0
1991.3599999999897,421200.4096240928,206424.7129844733,0.0
1991.3999999999896,425999.19045764214,218285.5127161444,0.0
1991.4399999999896,430813.2539056693,230834.15226984146,0.0
1991.4799999999896,435639.9552310171,244110.88273870375,0.0
1991.5199999999895,440476.4473872001,258158.3314375925,0.0
1991.5599999999895,445319.6684528778,273021.6433920234,0.0
1991.5999999999894,450166.32831102045,288748.63132274605,0.0
1991.6399999999894,455012.89452739595,305389.9346402814,0.0
1991.6799999999894,459855.57738026447,322999.1879951142,0.0
1991.7199999999893,464690.3139902575,341633.19996255176,0.0
1991.7599999999893,469512.75149633095,361352.14247662935,0.0
1991.7999999999893,474318.22922040767,382219.7516649825,0.0
1991.8399999999892,479101.7597598497,404303.54077646433,0.0
1991.8799999999892,483858.00894321373,427675.0259355948,0.0
1991.9199999999892,488581.2745808322,452409.9655028499,0.0
1991.9599999999891,493265.4639376108,478588.6138674864,0.0
1991.999999999989,497904.0698510298,506295.9905502298,0.0
1992.039999999989,502490.1454126628,535622.1655469097,0.0
1992.079999999989,507016.2771265678,566662.5619012028,0.0
1992.119999999989,511474.5564526409,599518.2765552468,0.0
1992.159999999989,515856.54963744205,634296.4205912339,0.0
1992.199999999989,520153.26572907064,671110.4800454227,0.0
1992.2399999999889,524355.1226663832,710080.6985485584,0.0
1992.2799999999888,528451.9113261669,751334.4831237346,0.0
1992.3199999999888,532432.7574048012,795006.8345545466,0.0
1992.3599999999888,536286.0810034153,841240.8038232643,0.0
1992.3999999999887,539999.5537775758,890187.9762110217,0.0
1992.4399999999887,543560.0535040613,942008.9847500046,0.0
1992.4799999999886,546953.615908292,996874.054821683,0.0
1992.5199999999886,550165.383586441,1054963.5818056548,0.0
1992.5599999999886,553179.5518461195,1116468.7438010524,0.0
1992.5999999999885,555979.3112787755,1181592.1515671345,0.0
1992.6399999999885,558546.7868655338,1250548.5379621068,0.0
1992.6799999999885,560862.9734060804,1323565.4892998668,0.0
1992.7199999999884,562907.6670473345,1400884.221193766,0.0
1992.7599999999884,564659.392674993,1482760.4016151761,0.0
1992.7999999999884,566095.3269165313,1569465.0240632219,0.0
1992.8399999999883,567191.2164888511,1661285.333921105,0.0
1992.8799999999883,567921.2916074239,1758525.811264679,0.0
1992.9199999999882,568258.174156424,1861509.2135910103,0.0
1992.9599999999882,568172.7803009212,1970577.682149343,0.0
1992.9999999999882,567634.2172026418,2086093.9157849688,0.0
1993.0399999999881,566609.6734800326,2208442.416448804,0.0
1993.079999999988,565064.3030313076,2338030.810782921,0.0
1993.119999999988,562961.1018157346,2475291.2524657985,0.0
1993.159999999988,560260.7771635482,2620681.9102916736,0.0
1993.199999999988,556921.6091584644,2774688.5472671553,0.0
1993.239999999988,552899.303608725,2937826.196336361,0.0
1993.279999999988,548146.8360928118,3110640.938694465,0.0
1993.3199999999879,542614.2865343401,3293711.791019994,0.0
1993.3599999999878,536248.6637270434,3487652.7083498724,0.0
1993.3999999999878,528993.719195081,3693114.709739528,0.0
1993.4399999999878,520789.74973600486,3910788.134294917,0.0
1993.4799999999877,511573.3879534693,4141405.035635747,0.0
1993.5199999999877,501277.3800440177,4385741.7233512495,0.0
1993.5599999999877,489830.35005686746,4644621.4605434025,0.0
1993.5999999999876,477156.5497973819,4918917.3271196205,0.0
1993.6399999999876,463175.59349367925,5209555.259099602,0.0
1993.6799999999876,447802.1762914029,5517517.274841641,0.0
1993.7199999999875,430945.7755838596,5843844.899774561,0.0
1993.7599999999875,412510.33412331314,6189642.801945124,0.0
1993.7999999999874,392393.923793971,6556082.651460029,0.0
1993.8399999999874,370488.38885788363,6944407.217719267,0.0
1993.8799999999874,346678.96741133125,7355934.719206794,0.0
1993.9199999999873,320843.88971103186,7792063.4415284265,0.0
1993.9599999999873,292853.9519463759,8254276.640369065,0.0
1993.9999999999873,262572.0639455705,8744142.71811489,0.0
1994.0399999999872,229852.9296715291,9263250.485600788,0.0
1994.0799999999872,194542.6842362943,9813322.142488942,0.0
1994.1199999999872,156478.17186971207,1.0396213286295975E7,0.0
1994.1599999999871,115486.35250414148,1.1013891230639266E7,0.0
1994.199999999987,71383.70580489968,1.166844176179726E7,0.0
1994.239999999987,23975.59917756272,1.2362076305746352E7,0.0
1994.279999999987,0.0,1.3097139530722724E7,0.0
1994.319999999987,0.0,1.387611741189275E7,0.0
1994.359999999987,0.0,1.4701645786345309E7,0.0
1994.399999999987,0.0,1.5576519428349482E7,0.0
1994.4399999999869,0.0,1.650370167665768E7,0.0
1994.4799999999868,0.0,1.74863346475841E7,0.0
1994.5199999999868,0.0,1.8527750069658287E7,0.0
1994.5599999999868,0.0,1.9631480777851123E7,0.0
1994.5999999999867,0.0,2.0801272907703493E7,0.0
1994.6399999999867,0.0,2.204109883216475E7,0.0
1994.6799999999866,0.0,2.335517088657772E7,0.0
1994.7199999999866,0.0,2.4747955930038787E7,0.0
1994.7599999999866,0.0,2.6224190794325754E7,0.0
1994.7999999999865,0.0,2.7788898674733274E7,0.0
1994.8399999999865,0.0,2.9447406520497024E7,0.0
1994.8799999999865,0.0,3.120536348603552E7,0.0
1994.9199999999864,0.0,3.306876050800539E7,0.0
1994.9599999999864,0.0,3.5043951077165626E7,0.0
1994.9999999999864,0.0,3.7137673278292954E7,0.0
1995.0399999999863,0.0,3.835660972745485E7,977463.1616816493
1995.0799999999863,0.0,3.94132802373827E7,2178262.4303310495
1995.1199999999862,0.0,4.049966546672021E7,3412150.387541143
1995.1599999999862,0.0,4.161661737225783E7,4680057.748990525
1995.1999999999862,0.0,4.276501278922555E7,5982941.921339956
1995.2399999999861,0.0,4.394575417053469E7,7321787.781825996
1995.279999999986,0.0,4.515977034835284E7,8697608.481024666
1995.319999999986,0.0,4.640801731869735E7,1.0111446269485291E7
1995.359999999986,0.0,4.769147904975425E7,1.1564373348956138E7
1995.399999999986,0.0,4.901116831465146E7,1.3057492748945644E7
1995.439999999986,0.0,5.036812754943787E7,1.4591939229385896E7
1995.479999999986,0.0,5.176342973704337E7,1.616888021018855E7
1995.5199999999859,0.0,5.319817931801904E7,1.778951672850774E7
1995.5599999999858,0.0,5.4673513128881745E7,1.9455084424549516E7
1995.5999999999858,0.0,5.619060136891311E7,2.116685455679329E7
1995.6399999999858,0.0,5.775064859628932E7,2.2926135047517303E7
1995.6799999999857,0.0,5.935489475444585E7,2.4734271559547734E7
1995.7199999999857,0.0,6.1004616229609124E7,2.6592648605179332E7
1995.7599999999857,0.0,6.2701126940456726E7,2.850269068824471E7
1995.7999999999856,0.0,6.444577946089753E7,3.046586348033961E7
1995.8399999999856,0.0,6.623996617699434E7,3.248367503224248E7
1995.8799999999856,0.0,6.808512047908372E7,3.455767702159889E7
1995.9199999999855,0.0,6.998271799018064E7,3.66894660379742E7
1995.9599999999855,0.0,7.193427783178976E7,3.8880684906412214E7
1995.9999999999854,0.0,7.394136392828031E7,4.113302405067252E7
1996.0399999999854,0.0,7.600558635101807E7,4.344822289735574E7
1996.0799999999854,0.0,7.812860270348506E7,4.5828071322163045E7
1996.1199999999853,0.0,8.031211954865655E7,4.82744111395752E7
1996.1599999999853,0.0,8.255789387994489E7,5.078913763727591E7
1996.1999999999853,0.0,8.486773463706048E7,5.3374201156685635E7
1996.2399999999852,0.0,8.724350426818326E7,5.6031608721014E7
1996.2799999999852,0.0,8.968712033988158E7,5.8763425712283015E7
1996.3199999999852,0.0,9.220055719626051E7,6.15717775988181E7
1996.3599999999851,0.0,9.478584766886869E7,6.4458851714750506E7
1996.399999999985,0.0,9.74450848389407E7,6.742689909312266E7
1996.439999999985,0.0,1.0018042385360181E8,7.047823635423745E7
1996.479999999985,0.0,1.0299408379771331E8,7.361524765094338E7
1996.519999999985,0.0,1.0588834962308937E8,7.68403866726003E7
1996.559999999985,0.0,1.0886557413687153E8,8.015617870952459E7
1996.599999999985,0.0,1.1192818005090265E8,8.356522277976874E7
1996.6399999999849,0.0,1.1507866209400102E8,8.707019382014805E7
1996.6799999999848,0.0,1.1831958918909504E8,9.067384494348678E7
1996.7199999999848,0.0,1.2165360669724093E8,9.437900976411736E7
1996.7599999999848,0.0,1.2508343873061019E8,9.818860479373018E7
1996.7999999999847,0.0,1.2861189053659911E8,1.0210563190973645E8
1996.8399999999847,0.0,1.3224185095528144E8,1.0613318089837426E8
1996.8799999999846,0.0,1.3597629495249498E8,1.102744320748578E8
1996.9199999999846,0.0,1.398182862309263E8,1.1453265898294134E8
1996.9599999999846,0.0,1.4377097992163196E8,1.1891123117634387E8
1996.9999999999845,0.0,1.4783762535851243E8,1.234136170845566E8
1997.0399999999845,0.0,1.52021568938335E8,1.2804338696563461E8
1997.0799999999845,0.0,1.5632625706898355E8,1.3280421594865541E8
1997.1199999999844,0.0,1.6075523920869935E8,1.3769988716861078E8
1997.1599999999844,0.0,1.6531217099916366E8,1.4273429499658558E8
1997.1999999999844,0.0,1.7000081749536464E8,1.4791144836816594E8
1997.2399999999843,0.0,1.7482505649528384E8,1.5323547421311226E8
1997.2799999999843,0.0,1.7978888197253484E8,1.5871062098942685E8
1997.3199999999842,0.0,1.848964076151856E8,1.6434126232504505E8
1997.3599999999842,0.0,1.901518704740999E8,1.7013190077047965E8
1997.3999999999842,0.0,1.955596347242388E8,1.7608717166585287E8
1997.4399999999841,0.0,2.0112419554247296E8,1.8221184712585855E8
1997.479999999984,0.0,2.0685018310557014E8,1.8851084014630827E8
1997.519999999984,0.0,2.1274236671213916E8,1.9498920883603007E8
1997.559999999984,0.0,2.1880565903243166E8,2.0165216077800718E8
1997.599999999984,0.0,2.2504512049002838E8,2.085050575237664E8
1997.639999999984,0.0,2.3146596377956498E8,2.155534192251522E8
1997.679999999984,0.0,2.3807355852478525E8,2.2280292940775275E8
1997.7199999999839,0.0,2.4487343608134666E8,2.3025943989037907E8
1997.7599999999838,0.0,2.51871294488945E8,2.3792897585513636E8
1997.7999999999838,0.0,2.5907300357747057E8,2.4581774107277095E8
1997.8399999999838,0.0,2.664846102320597E8,2.5393212328812328E8
1997.8799999999837,0.0,2.741123438220611E8,2.6227869977067032E8
1997.9199999999837,0.0,2.819626217990974E8,2.7086424303529805E8
1997.9599999999837,0.0,2.900420554695678E8,2.7969572673860735E8
1997.9999999999836,0.0,2.9835745594711024E8,2.88780331756224E8
1998.0399999999836,0.0,3.0691584029071826E8,2.9812545244675714E8
1998.0799999999836,0.0,3.157244378343892E8,3.077387031082289E8
1998.1199999999835,0.0,3.247906967143719E8,3.176279246329816E8
1998.1599999999835,0.0,3.341222906002739E8,3.2780119136726046E8
1998.1999999999834,0.0,3.43727125636492E8,3.38266818181866E8
1998.2399999999834,0.0,3.536133476006364E8,3.4903336776047146E8
1998.2799999999834,0.0,3.637893492858334E8,3.6010965811241204E8
1998.3199999999833,0.0,3.742637781140142E8,3.7150477031696725E8
1998.3599999999833,0.0,3.850455439875248E8,3.832280565063814E8
1998.3999999999833,0.0,3.961438273866295E8,3.9528914809509665E8
1998.4399999999832,0.0,4.0756808772072405E8,4.0769796426291144E8
1998.4799999999832,0.0,4.19328071941326E8,4.204647207000213E8
1998.5199999999832,0.0,4.314338234251718E8,4.335999386221539E8
1998.5599999999831,0.0,4.43895691136016E8,4.4711445406426823E8
1998.599999999983,0.0,4.5672433907400924E8,4.6101942746156234E8
1998.639999999983,0.0,4.699307560218144E8,4.7532635352680695E8
1998.679999999983,0.0,4.8352626559691983E8,4.900470714333143E8
1998.719999999983,0.0,4.9752253661991173E8,5.0519377531314594E8
1998.759999999983,0.0,5.119315938087849E8,5.207790250804692E8
1998.799999999983,0.0,5.267658288096967E8,5.368157575902902E8
1998.8399999999829,0.0,5.420380115749056E8,5.533172981431156E8
1998.8799999999828,0.0,5.577613020989848E8,5.702973723464339E8
1998.9199999999828,0.0,5.739492625247583E8,5.877701183442528E8
1998.9599999999828,0.0,5.906158696307805E8,6.057500994262929E8
1998.9999999999827,0.0,6.077755277125616E8,6.242523170288017E8
1999.0399999999827,0.0,6.25443081870139E8,6.432922241393423E8
1999.0799999999826,0.0,6.436338317150003E8,6.62885739118301E8
1999.1199999999826,0.0,6.623635455097901E8,6.830492599502687E8
1999.1599999999826,0.0,6.816484747546662E8,7.037996789388717E8
1999.1999999999825,0.0,7.015053692346222E8,7.251543978590628E8
1999.2399999999825,0.0,7.219514925425582E8,7.471313435813317E8
1999.2799999999825,0.0,7.430046380933632E8,7.6974898418276E8
1999.3199999999824,0.0,7.646831456447693E8,7.93026345560321E8
1999.3599999999824,0.0,7.870059183412497E8,8.16983028562324E8
1999.3999999999824,0.0,8.099924402977628E8,8.416392266544088E8
1999.4399999999823,0.0,8.336627947406927E8,8.670157441370249E8
1999.4799999999823,0.0,8.580376827239025E8,8.931340149318767E8
1999.5199999999822,0.0,8.831384424383967E8,9.200161219553738E8
1999.5599999999822,0.0,9.089870691347004E8,9.476848170977087E8
1999.5999999999822,0.0,9.35606235677677E8,9.761635418267838E8
1999.6399999999821,0.0,9.630193137541578E8,1.0054764484368259E9
1999.679999999982,0.0,9.912503957544177E8,1.0356484219621699E9
1999.719999999982,0.0,1.0203243173492211E9,1.0667051027773484E9
1999.759999999982,0.0,1.05026668078487E9,1.0986729099053097E9
1999.799999999982,0.0,1.081103878919422E9,1.131579065056288E9
1999.839999999982,0.0,1.1128631200240016E9,1.165451617420578E9
1999.879999999982,0.0,1.1455724533739154E9,1.2003194692392159E9
1999.9199999999819,0.0,1.1792607956550844E9,1.2362124021773446E9
1999.9599999999818,0.0,1.2139579582121482E9,1.273161104525841E9
1999.9999999999818,0.0,1.2496946751654584E9,1.3111971992576113E9
2000.0399999999818,0.0,1.286502632425068E9,1.3503532729658122E9
2000.0799999999817,0.0,1.3244144976307473E9,1.3906629057121413E9
2000.1199999999817,0.0,1.363463951048014E9,1.432160701814247E9
2000.1599999999817,0.0,1.403685717451138E9,1.4748823216022508E9
2000.1999999999816,0.0,1.4451155990251133E9,1.51886451417535E9
2000.2399999999816,0.0,1.4877905093196263E9,1.5641451511904628E9
2000.2799999999816,0.0,1.5317485082891467E9,1.6107632617159293E9
2000.3199999999815,0.0,1.5770288384543822E9,1.6587590681843364E9
2000.3599999999815,0.0,1.623671962221501E9,1.7081740234796534E9
2000.3999999999814,0.0,1.671719600396724E9,1.759050849195E9
2000.4399999999814,0.0,1.7212147719351232E9,1.8114335750985522E9
2000.4799999999814,0.0,1.7722018349637506E9,1.865367579846308E9
2000.5199999999813,0.0,1.824726529120532E9,1.9208996329816942E9
2000.5599999999813,0.0,1.878836019251738E9,1.9780779382632987E9
2000.5999999999813,0.0,1.934578940512248E9,2.0369521783633516E9
2000.6399999999812,0.0,1.9920054449142878E9,2.0975735609809697E9
2000.6799999999812,0.0,2.0511672493718238E9,2.1599948664156113E9
2000.7199999999812,0.0,2.1121176852893615E9,2.2242704966476665E9
2000.7599999999811,0.0,2.1749117497454996E9,2.2904565259746447E9
2000.799999999981,0.0,2.2396061583232617E9,2.3586107532529917E9
2000.839999999981,0.0,2.3062593996409426E9,2.42879275579721E9
2000.879999999981,0.0,2.374931791638988E9,2.5010639449896374E9
2000.919999999981,0.0,2.445685539680259E9,2.5754876236559806E9
2000.959999999981,0.0,2.5185847965229387E9,2.6521290452635074E9
2000.999999999981,0.0,2.5937355233452406E9,2.731055475000651E9
2001.0399999999809,0.0,2.671682174314513E9,2.812344414076523E9
2001.0799999999808,0.0,2.752648439481253E9,2.896086530772123E9
2001.1199999999808,0.0,2.8367662793896604E9,2.9823770867841315E9
2001.1599999999808,0.0,2.924174032444013E9,3.0713155160970054E9
2001.1999999999807,0.0,3.015016748066064E9,3.1630056270122833E9
2001.2399999999807,0.0,3.109446538460379E9,3.2575558147493834E9
2001.2799999999806,0.0,3.207622950088438E9,3.355079285209274E9
2001.3199999999806,0.0,3.3097133560208426E9,3.4556942905274286E9
2001.3599999999806,0.0,3.41589337041E9,3.5595243770797057E9
2001.3999999999805,0.0,3.526347286403417E9,3.6666986466443377E9
2001.4399999999805,0.0,3.641268538900623E9,3.7773520314652376E9
2001.4799999999805,0.0,3.760860193645052E9,3.891625584006511E9
2001.5199999999804,0.0,3.8853354642363625E9,4.009666782235534E9
2001.5599999999804,0.0,4.014918258749013E9,4.131629851322453E9
2001.5999999999804,0.0,4.1498437577499204E9,4.257676102697644E9
2001.6399999999803,0.0,4.290359025622121E9,4.387974291465776E9
2001.6799999999803,0.0,4.436723657223048E9,4.522700993235844E9
2001.7199999999802,0.0,4.589210462035863E9,4.662041001491172E9
2001.7599999999802,0.0,4.748106188110754E9,4.806187746692149E9
2001.7999999999802,0.0,4.913712288240926E9,4.955343738377615E9
2001.8399999999801,0.0,5.086345730975715E9,5.109721031608727E9
2001.87999999998,0.0,5.266339859241621E9,5.269541719182067E9
2001.91999999998,0.0,5.4540452995218E9,5.435038451127017E9
2001.95999999998,0.0,5.649830924736453E9,5.6064549830965E9
2001.99999999998,0.0,5.854084874171535E9,5.7840467553603115E9
2002.03999999998,0.0,6.0672156340220995E9,5.968081504216971E9
2002.07999999998,0.0,6.289653182350487E9,6.158839907753734E9
2002.1199999999799,0.0,6.521850202509417E9,6.356616268005506E9
2002.1599999999798,0.0,6.764283369347115E9,6.561719231692587E9
2002.1999999999798,0.0,7.017454712796987E9,6.774472551854778E9
2002.2399999999798,0.0,7.281893063759475E9,6.995215892846178E9
2002.2799999999797,0.0,7.558155587509942E9,7.2243056813115E9
2002.3199999999797,0.0,7.846829410215254E9,7.462116005931661E9
2002.3599999999797,0.0,8.1485333445148325E9,7.709039568904471E9
2002.3999999999796,0.0,8.4639197205210495E9,7.965488692316221E9
2002.4399999999796,0.0,8.793676329020805E9,8.231896382762708E9
2002.4799999999796,0.0,9.138528484117079E9,8.508717457794617E9
2002.5199999999795,0.0,9.499241213038187E9,8.796429737993134E9
2002.5599999999795,0.0,9.876621581366007E9,9.095535308728249E9
2002.5999999999794,0.0,1.0271521162494728E10,9.406561855915564E9
2002.6399999999794,0.0,1.068483866073186E10,9.730064080368599E9
2002.6799999999794,0.0,1.1117522698095789E10,1.006662519564404E10
2002.7199999999793,0.0,1.1570574775552637E10,1.0416858514598267E10
2002.7599999999793,0.0,1.2045052420172573E10,1.0781409130216507E10
2002.7999999999793,0.0,1.2542072530476002E10,1.1160955696642408E10
2002.8399999999792,0.0,1.3062814933086893E10,1.1556212316727692E10
2002.8799999999792,0.0,1.3608526164718239E10,1.1967930542840326E10
2002.9199999999792,0.0,1.4180523494487783E10,1.2396901498117613E10
2002.9599999999791,0.0,1.47801992026056E10,1.2843958125829533E10
2002.999999999979,0.0,1.5409025132594093E10,1.3309977575030104E10
2003.039999999979,0.0,1.6068557535401245E10,1.3795883731222645E10
2003.079999999979,0.0,1.6760442225055565E10,1.4302649901351404E10
2003.119999999979,0.0,1.7486420066892742E10,1.4831301663059753E10
2003.159999999979,0.0,1.824833282086667E10,1.5382919888827078E10
2003.199999999979,0.0,1.9048129364048897E10,1.5958643956315874E10
2003.2399999999789,0.0,1.988787231812895E10,1.655967515703088E10
2003.2799999999788,0.0,2.076974510956228E10,1.7187280316216995E10
2003.3199999999788,0.0,2.169605949198249E10,1.7842795637806435E10
2003.3599999999788,0.0,2.266926356261031E10,1.8527630789172276E10
2003.3999999999787,0.0,2.3691950306664684E10,1.924327324145998E10
2003.4399999999787,0.0,2.4766866706223606E10,1.9991292882355675E10
2003.4799999999786,0.0,2.5896923452606735E10,2.0773346919315357E10
2003.5199999999786,0.0,2.708520530417274E10,2.1591185092528584E10
2003.5599999999786,0.0,2.833498213445678E10,2.2446655218229935E10
2003.5999999999785,0.0,2.9649720718834045E10,2.3341709084408386E10
2003.6399999999785,0.0,3.1033097311401726E10,2.427840872250595E10
2003.6799999999785,0.0,3.2489011067543003E10,2.5258933080350513E10
2003.7199999999784,0.0,3.402159837169396E10,2.6285585123342136E10
2003.7599999999784,0.0,3.563524813419946E10,2.7360799392816437E10
2003.7999999999784,0.0,3.733461812584192E10,2.8487150052552753E10
2003.8399999999783,0.0,3.912465242368303E10,2.966735945658953E10
2003.8799999999783,0.0,4.1010600047302025E10,3.090430727386605E10
2003.9199999999782,0.0,4.299803487037472E10,3.2201040207740685E10
2003.9599999999782,0.0,4.509287689884935E10,3.356078235115485E10
2003.9999999999782,0.0,4.730141501377345E10,3.498694622113306E10
2004.0399999999781,0.0,4.963033128414964E10,3.6483144519448555E10
2004.079999999978,0.0,5.2086726963089455E10,3.8053202669658E10
2004.119999999978,0.0,5.46781502890383E10,3.9701172184335495E10
2004.159999999978,0.0,5.741262622301105E10,4.143134492023584E10
2004.199999999978,0.0,6.0298688262659294E10,4.324826828331029E10
2004.239999999978,0.0,6.334541248464653E10,4.5156761450008514E10
2004.279999999978,0.0,6.656245397829819E10,4.7161932676152466E10
2004.3199999999779,0.0,6.99600858458879E10,4.926919776988844E10
2004.3599999999778,0.0,7.354924095829283E10,5.148429981084188E10
2004.3999999999778,0.0,7.734155666917908E10,5.381333020364643E10
2004.4399999999778,0.0,8.134942270644905E10,5.626275116052891E10
2004.4799999999777,0.0,8.558603247649065E10,5.883941971464138E10
2004.5199999999777,0.0,9.006543803491324E10,6.1550613373380424E10
2004.5599999999777,0.0,9.480260899704958E10,6.4404057529064926E10
2004.5999999999776,0.0,9.981349568266347E10,6.740795475310379E10
2004.6399999999776,0.0,1.0511509681216124E11,7.057101610922429E10
2004.6799999999776,0.0,1.1072553209630054E11,7.390249463150455E10
2004.7199999999775,0.0,1.1666412008807564E11,7.741222112391977E10
2004.7599999999775,0.0,1.2295146169429974E11,8.111064244993399E10
2004.7999999999774,0.0,1.2960952977558147E11,8.500886249341806E10
2004.8399999999774,0.0,1.3666176529710028E11,8.911868598592393E10
2004.8799999999774,0.0,1.4413318052903604E11,9.345266541017792E10
2004.9199999999773,0.0,1.5205046983493127E11,9.802415120565813E10
2004.9599999999773,0.0,1.6044212862891205E11,1.028473455193906E11
2004.9999999999773,0.0,1.6933858112883582E11,1.0793735976373793E11
2005.0399999999772,0.0,1.787723175823687E11,1.1331027626307553E11
2005.0799999999772,0.0,1.8877804169704092E11,1.1898321429297653E11
2005.1199999999772,0.0,1.9939282906383807E11,1.2497440083898903E11
2005.1599999999771,0.0,2.106562974272365E11,1.3130324642743169E11
2005.199999999977,0.0,2.2261078972319775E11,1.3799042640801282E11
2005.239999999977,0.0,2.35301570880948E11,1.4505796809766125E11
2005.279999999977,0.0,2.4877703946487567E11,1.5252934422693024E11
2005.319999999977,0.0,2.6308895532011267E11,1.6042957316489545E11
2005.359999999977,0.0,2.7829268447990497E11,1.687853264358338E11
2005.399999999977,0.0,2.944474626953564E11,1.7762504408137387E11
2005.4399999999769,0.0,3.116166790592307E11,1.8697905846550922E11
2005.4799999999768,0.0,3.29868181315974E11,1.968797271671384E11
2005.5199999999768,0.0,3.492746045807808E11,2.0736157565594366E11
2005.5599999999768,0.0,3.6991372533226904E11,2.1846145050276996E11
2005.5999999999767,0.0,3.918688426971099E11,2.302186839355769E11
2005.6399999999767,0.0,4.1522918921184094E11,2.4267527061689252E11
2005.6799999999766,0.0,4.400903734282185E11,2.5587605758892514E11
2005.7199999999766,0.0,4.665548569250951E11,2.6986894840854385E11
2005.7599999999766,0.0,4.94732468503303E11,2.847051225767207E11
2005.7999999999765,0.0,5.2474095857187964E11,3.004392714562805E11
2005.8399999999765,0.0,5.567065969858065E11,3.1712985196852136E11
2005.8799999999765,0.0,5.907648178690273E11,3.348393594640889E11
2005.9199999999764,0.0,6.270609152537977E11,3.536346212771199E11
2005.9599999999764,0.0,6.657507936905098E11,3.735871125948695E11
2005.9999999999764,0.0,7.070017783333374E11,3.9477329640864307E11
2006.0399999999763,0.0,7.509934893888806E11,4.172749894567643E11
2006.0799999999763,0.0,7.979187862301964E11,4.4117975622752423E11
2006.1199999999762,0.0,8.479847869301981E11,4.665813332606374E11
2006.1599999999762,0.0,9.014139694596602E11,4.935800861708603E11
2006.1999999999762,0.0,9.584453613295688E11,5.2228350201838403E11
2006.2399999999761,0.0,1.0193358250392317E12,5.528067198687853E11
2006.279999999976,0.0,1.0843614473246724E12,5.852731026222372E11
2006.319999999976,0.0,1.15381904089109E12,6.198148534489988E11
2006.359999999976,0.0,1.228027768063656E12,6.565736804477299E11
2006.399999999976,0.0,1.3073308966082646E12,6.957015134468956E11
2006.439999999976,0.0,1.392097698864174E12,7.373612771995874E11
2006.479999999976,0.0,1.4827255063004546E12,7.817277255808463E11
2006.5199999999759,0.0,1.5796419326651584E12,8.289883417866113E11
2006.5599999999758,0.0,1.683307280048139E12,8.793443099575226E11
2006.5999999999758,0.0,1.7942171434342761E12,9.330115641120714E11
2006.6399999999758,0.0,1.9129052306931274E12,9.90221920775343E11
2006.6799999999757,0.0,2.039946416444235E12,1.0512243022355159E12
2006.7199999999757,0.0,2.1759600498660425E12,1.1162860579543591E12
2006.7599999999757,0.0,2.3216135382932104E12,1.1856943923045872E12
2006.7999999999756,0.0,2.4776262303859575E12,1.259757907510869E12
2006.8399999999756,0.0,2.644773624771021E12,1.3388082714377812E12
2006.8799999999756,0.0,2.8238919323635977E12,1.4232020207027642E12
2006.9199999999755,0.0,3.0158830231014087E12,1.5133225105014385E12
2006.9599999999755,0.0,3.2217197905758228E12,1.6095820235233364E12
2006.9999999999754,0.0,3.4424519710527104E12,1.712424051415666E12
2007.0399999999754,0.0,3.6792124566614346E12,1.8223257634293867E12
2007.0799999999754,0.0,3.9332241461204897E12,1.9398006781646084E12
2007.1199999999753,0.0,4.2058073802917754E12,2.0654015557309614E12
2007.1599999999753,0.0,4.498388014144066E12,2.199723529163908E12
2007.1999999999753,0.0,4.81250618139486E12,2.343407495601779E12
2007.2399999999752,0.0,5.149825813226716E12,2.4971437895435415E12
2007.2799999999752,0.0,5.512144978081541E12,2.66167616248814E12
2007.3199999999752,0.0,5.90140711567025E12,2.837806095418174E12
2007.3599999999751,0.0,6.319713245046525E12,3.026397472950802E12
2007.399999999975,0.0,6.769335233937933E12,3.2283816505556777E12
2007.439999999975,0.0,7.252730224566592E12,3.444762949053968E12
2007.479999999975,0.0,7.772556319992425E12,3.6766246136865063E12
2007.519999999975,0.0,8.331689644648776E12,3.925135278397582E12
2007.559999999975,0.0,8.933242903294371E12,4.191555979650743E12
2007.599999999975,0.0,9.580585574166809E12,4.477247768104059E12
2007.6399999999749,0.0,1.027736588478957E13,4.78367997085706E12
2007.6799999999748,0.0,1.1027534732765426E13,5.112439161775898E12
2007.7199999999748,0.0,1.1835371729103361E13,5.46523890264639E12
2007.7599999999748,0.0,1.2705513558305262E13,5.843930323639689E12
2007.7999999999747,0.0,1.3642984867727055E13,6.250513617849898E12
2007.8399999999747,0.0,1.4653231918786197E13,6.687150531528857E12
2007.8799999999746,0.0,1.5742159254588621E13,7.156177939158209E12
2007.9199999999746,0.0,1.6916169662686803E13,7.660122600725313E12
2007.9599999999746,0.0,1.8182207738169234E13,8.201717207577062E12
2007.9999999999745,0.0,1.9547206246527176E13,8.783915403316616E12
2008.0399999999745,0.0,2.1015067943121105E13,9.40983225092317E12
2008.0799999999745,0.0,2.259315653483878E13,1.0082750698678684E13
2008.1199999999744,0.0,2.428974938474558E13,1.0806200225886857E13
2008.1599999999744,0.0,2.611374543790649E13,1.1583975351367281E13
2008.1999999999744,0.0,2.8074711898806574E13,1.2420155536183701E13
2008.2399999999743,0.0,3.01829344140074E13,1.3319126580943418E13
2008.2799999999743,0.0,3.2449471023265965E13,1.4285603629901346E13
2008.3199999999742,0.0,3.4886210162109836E13,1.5324655902530352E13
2008.3599999999742,0.0,3.750593302011373E13,1.6441733282280537E13
2008.3999999999742,0.0,4.032238058197029E13,1.7642694901991566E13
2008.4399999999741,0.0,4.335032570301114E13,1.8933839875895176E13
2008.479999999974,0.0,4.660565059724194E13,2.0321940339404406E13
2008.519999999974,0.0,5.0105430144346375E13,2.1814276969991145E13
2008.559999999974,0.0,5.386802145263688E13,2.341867717546754E13
2008.599999999974,0.0,5.79131601477451E13,2.514355614997818E13
2008.639999999974,0.0,6.226206389212461E13,2.69979610130519E13
2008.679999999974,0.0,6.69375436783672E13,2.8991618263233574E13
2008.7199999999739,0.0,7.196412348011122E13,3.113498479520236E13
2008.7599999999738,0.0,7.736816888815967E13,3.343930274797422E13
2008.7999999999738,0.0,8.317802540655744E13,3.5916658471881945E13
2008.8399999999738,0.0,8.942416713404784E13,3.858004592362999E13
2008.8799999999737,0.0,9.613935661080475E13,4.1443434821948195E13
2008.9199999999737,0.0,1.0335881666890364E14,4.452184392133917E13
2008.9599999999737,0.0,1.1112041518796019E14,4.783141978826031E13
2008.9999999999736,0.0,1.1946486372505858E14,5.1389521492943266E13
2009.0399999999736,0.0,1.2843593106086906E14,5.521481166108323E13
2009.0799999999736,0.0,1.3808067278209664E14,5.932735436299001E13
2009.1199999999735,0.0,1.4844967810452122E14,6.374872035365751E13
2009.1599999999735,0.0,1.5959733523132462E14,6.850210021576634E13
2009.1999999999734,0.0,1.715821166386267E14,7.361242599908783E13
2009.2399999999734,0.0,1.8446688578468012E14,7.91065019943241E13
2009.2799999999734,0.0,1.9831922685155244E14,8.501314532733231E13
2009.3199999999733,0.0,2.1321179924893878E14,9.136333711119239E13
2009.3599999999733,0.0,2.2922271873964056E14,9.819038494895698E13
2009.3999999999733,0.0,2.464359671858877E14,1.055300976394611E14
2009.4399999999732,0.0,2.6494183306581384E14,1.134209730025779E14
2009.4799999999732,0.0,2.848373850707988E14,1.219043998091236E14
2009.5199999999732,0.0,3.062269812679184E14,1.3102487487459803E14
2009.5599999999731,0.0,3.2922281649829925E14,1.4083023645548806E14
2009.599999999973,0.0,3.5394551088274425E14,1.5137191517237306E14
2009.639999999973,0.0,3.8052474252162094E14,1.6270520377600684E14
2009.679999999973,0.0,4.090999277078307E14,1.7488954717138894E14
2009.719999999973,0.0,4.398209522209049E14,1.8798885422109856E14
2009.759999999973,0.0,4.7284895753822325E14,2.020718329634056E14
2009.799999999973,0.0,5.083571860874196E14,2.1721235100349212E14
2009.8399999999729,0.0,5.465318899737418E14,2.33489822968161E14
2009.8799999999728,0.0,5.875733079490941E14,2.5098962705636622E14
2009.9199999999728,0.0,6.316967157474555E14,2.6980355287051966E14
2009.9599999999728,0.0,6.791335552962128E14,2.9003028287760775E14
2009.9999999999727,0.0,7.301326487266962E14,3.117759100255547E14
2010.0399999999727,0.0,7.849615035520246E14,3.351544942299168E14
2010.0799999999726,0.0,8.439077158585876E14,3.602886606498839E14
2010.1199999999726,0.0,9.072804788716345E14,3.873102428917654E14
2010.1599999999726,0.0,9.75412204808179E14,4.163609745138025E14
2010.1999999999725,0.0,1.048660268524692E15,4.475932324595077E14
2010.2399999999725,0.0,1.127408882105933E15,4.811708363191208E14
2010.2799999999725,0.0,1.2120711102281345E15,5.1726990761161206E14
2010.3199999999724,0.0,1.3030910368681968E15,5.560797935944966E14
2010.3599999999724,0.0,1.4009460947244455E15,5.978040604472012E14
2010.3999999999724,0.0,1.5061495695680265E15,6.426615610376176E14
2010.4399999999723,0.0,1.6192532926616198E15,6.908875828726985E14
2010.4799999999723,0.0,1.740850535368686E15,7.42735082254554E14
2010.5199999999722,0.0,1.8715791211370608E15,7.98476011115691E14
2010.5599999999722,0.0,2.0121247711809768E15,8.584027434931819E14
2010.5999999999722,0.0,2.1632247014114782E15,9.228296091241999E14
2010.6399999999721,0.0,2.3256714894831425E15,9.920945422072601E14
2010.679999999972,0.0,2.500317232241949E15,1.0665608539775988E15
2010.719999999972,0.0,2.688078015382464E15,1.1466191383945888E15
2010.759999999972,0.0,2.8899387187602435E15,1.2326893209373218E15
2010.799999999972,0.0,3.106958182566069E15,1.3252228612551562E15
2010.839999999972,0.0,3.340274761461581E15,1.4247051212270742E15
2010.879999999972,0.0,3.5911122958109695E15,1.5316579108513348E15
2010.9199999999719,0.0,3.8607865313313135E15,1.646642225319717E15
2010.9599999999718,0.0,4.1507120208363995E15,1.7702611876335028E15
2010.9999999999718,0.0,4.4624095442777315E15,1.903163212196512E15
2011.0399999999718,0.0,4.797514086005249E15,2.046045405979636E15
2011.0799999999717,0.0,5.157783411093234E15,2.1996572250974945E15
2011.1199999999717,0.0,5.545107285719383E15,2.3648044059776035E15
2011.1599999999717,0.0,5.96151738996348E15,2.5423531917428135E15
2011.1999999999716,0.0,6.409197975024305E15,2.733234875976322E15
2011.2399999999716,0.0,6.890497320758375E15,2.9384506877033915E15
2011.2799999999716,0.0,7.407940053642317E15,3.15907704321376E15
2011.3199999999715,0.0,7.964240389774167E15,3.396271192272997E15
2011.3599999999715,0.0,8.562316372381335E15,3.651277288339831E15
2011.3999999999714,0.0,9.205305178519814E15,3.9254329146306005E15
2011.4399999999714,0.0,9.896579575257838E15,4.22017610026314E15
2011.4799999999714,0.0,1.0639765611667028E16,4.53705286328313E15
2011.5199999999713,0.0,1.1438761639426676E16,4.877725320139721E15
2011.5599999999713,0.0,1.229775876181632E16,5.24398040414856E15
2011.5999999999713,0.0,1.3221262818364632E16,5.637739238674811E15
2011.6399999999712,0.0,1.4214118020478204E16,6.061067214203133E15
2011.6799999999712,0.0,1.5281532362034322E16,6.516184822153816E15
2011.7199999999712,0.0,1.6429104938232776E16,7.005479302273847E15
2011.7599999999711,0.0,1.7662855316011858E16,7.531517164699302E15
2011.799999999971,0.0,1.8989255110095604E16,8.097057652373599E15
2011.839999999971,0.0,2.0415261930309408E16,8.705067214438834E15
2011.879999999971,0.0,2.1948355878240124E16,9.358735066520524E15
2011.919999999971,0.0,2.3596578784689868E16,1.006148991952746E16
2011.959999999971,0.0,2.5368576393750156E16,1.0817017964717864E16
2011.999999999971,0.0,2.7273643714780136E16,1.162928220937291E16
2012.0399999999709,0.0,2.9321773780190588E16,1.250254326450332E16
2012.0799999999708,0.0,3.1523710064801312E16,1.3441381693631536E16
2012.1199999999708,0.0,3.3891002841747084E16,1.4450722039880662E16
2012.1599999999708,0.0,3.6436069770557408E16,1.5535858657405096E16
2012.1999999999707,0.0,3.9172261035236208E16,1.670248348266257E16
2012.2399999999707,0.0,4.2113929374035592E16,1.7956715891202906E16
2012.2799999999706,0.0,4.5276505368278432E16,1.9305134796588588E16
2012.3199999999706,0.0,4.867657838517208E16,2.0754813159823512E16
2012.3599999999706,0.0,5.2331983599214936E16,2.231335509031086E16
2012.3999999999705,0.0,5.6261895548684272E16,2.398893573295514E16
2012.4399999999705,0.0,6.0486928717975264E16,2.579034415063842E16
2012.4799999999705,0.0,6.5029245673416888E16,2.772702942701334E16
2012.5199999999704,0.0,6.9912673319814184E16,2.9809150231448036E16
2012.5599999999704,0.0,7.5162827887565648E16,3.2047628106119104E16
2012.5999999999704,0.0,8.0807249306003136E16,3.4454204754773812E16
2012.6399999999703,0.0,8.6875545667839488E16,3.7041503633673864E16
2012.6799999999703,0.0,9.33995485425448E16,3.982309616780072E16
2012.7199999999702,0.0,1.00413479953383264E17,4.28135729396648E16
2012.7599999999702,0.0,1.07954131894027264E17,4.6028620224145304E16
2012.7999999999702,0.0,1.1606105932644568E17,4.9485102270830744E16
2012.8399999999701,0.0,1.24776787672482608E17,5.320114976547948E16
2012.87999999997,0.0,1.34147035887574016E17,5.7196254934633008E16
2012.91999999997,0.0,1.44220956286790208E17,6.1491373792262296E16
2012.95999999997,0.0,1.5505139238127104E17,6.6109036064792032E16
2012.99999999997,0.0,1.66695156077600096E17,7.107346337112572E16
2013.03999999997,0.0,1.79213325694237632E17,7.6410696277597312E16
2013.07999999997,0.0,1.92671566358334528E17,8.2148730894329872E16
2013.1199999999699,0.0,2.07140474463652544E17,8.8317665729532816E16
2013.1599999999698,0.0,2.22695947996536128E17,9.4949859572078624E16
2013.1999999999698,0.0,2.3941958467257984E17,1.0208010123055088E17
2013.2399999999698,0.0,2.57399109972525344E17,1.09745792019150256E17
2013.2799999999697,0.0,2.76728837322767872E17,1.1798714194771112E17
2013.3199999999697,0.0,2.9751016283447654E17,1.2684738064496848E17
2013.3599999999697,0.0,3.1985209719662182E17,1.3637298412150088E17
2013.3999999999696,0.0,3.4387183751310643E17,1.46613918561864768E17
2013.4399999999696,0.0,3.6969538208373523E17,1.5762390242476544E17
2013.4799999999696,0.0,3.9745819135403674E17,1.69460688226148E17
2013.5199999999695,0.0,4.2730589850114304E17,1.82186365483341952E17
2013.5599999999695,0.0,4.5939507338331725E17,1.95867686409397696E17
2013.5999999999694,0.0,4.9389404386065542E17,2.10576416066093408E17
2013.6399999999694,0.0,5.309837787954503E17,2.26389708812393984E17
2013.6799999999694,0.0,5.7085883736426598E17,2.43390513023081344E17
2013.7199999999693,0.0,6.1372838966163507E17,2.61668006200572416E17
2013.7599999999693,0.0,6.598173139492745E17,2.81318062762375392E17
2013.7999999999693,0.0,7.0936737630678822E17,3.0244375695804083E17
2013.8399999999692,0.0,7.626384988720928E17,3.2515590355374426E17
2013.8799999999692,0.0,8.1991012332452992E17,3.4957363912075494E17
2013.9199999999691,0.0,8.8148267676326208E17,3.7582504697704186E17
2013.959999999969,0.0,9.4767914767070067E17,4.0404782906026048E17
2013.999999999969,0.0,1.01884678022820557E18,4.3439002825655302E17
2014.039999999969,0.0,1.0953588958721609E18,4.6701080497427258E17
2014.079999999969,0.0,1.177616851646016E18,5.020812720362951E17
2014.119999999969,0.0,1.26605214562150016E18,5.3978539227050874E17
2014.159999999969,0.0,1.36112868043372416E18,5.8032094350696627E17
2014.199999999969,0.0,1.46334519680433459E18,6.2390055604378624E17
2014.2399999999689,0.0,1.57323788981862323E18,6.7075282802403955E17
2014.2799999999688,0.0,1.69138322168120397E18,7.211235245745609E17
2014.3199999999688,0.0,1.81840094570557696E18,7.7527686699701798E17
2014.3599999999687,0.0,1.9549573574010112E18,8.3349691877396352E17
2014.3999999999687,0.0,2.10176878971151232E18,8.9608907566046413E17
2014.4399999999687,0.0,2.25960537074243814E18,9.6338166767790682E17
2014.4799999999686,0.0,2.4292950636873149E18,1.03572768141359718E18
2014.5199999999686,0.0,2.6117280101478067E18,1.11350661166086016E18
2014.5599999999686,0.0,2.8078611996313661E18,1.19712645211284403E18
2014.5999999999685,0.0,3.018723489722199E18,1.28702583555267328E18
2014.6399999999685,0.0,3.24542100326078E18,1.38367633476681984E18
2014.6799999999685,0.0,3.4891429308449229E18,1.48758493625168333E18
2014.7199999999684,0.0,3.7511677690916925E18,1.59929669968980352E18
2014.7599999999684,0.0,4.0328700273854259E18,1.71939761714663987E18
2014.7999999999683,0.0,4.3357274382947753E18,1.84851768698654131E18
2014.8399999999683,0.0,4.6613287094839122E18,1.98733421863290726E18
2014.8799999999683,0.0,5.0113818577836718E18,2.13657538550849715E18
2014.9199999999682,0.0,5.3877231691424123E18,2.29702404479375488E18
2014.9599999999682,0.0,5.7923268314596833E18,2.4695218440406851E18
2014.9999999999682,0.0,6.2269432957193953E18,2.6549711303815194E18
2015.0399999999681,0.0,6.6921714018162565E18,2.8543069498471286E18
2015.079999999968,0.0,7.1898668062832906E18,3.0685008853945713E18
2015.119999999968,0.0,7.7221152494024448E18,3.2985871234839071E18
2015.159999999968,0.0,8.2911229905555907E18,3.5456660834437555E18
2015.199999999968,0.0,8.8992228154256435E18,3.8109082300124273E18
2015.239999999968,0.0,9.548880277974657E18,4.0955580749274307E18
2015.279999999968,0.0,1.024270018213442E19,4.400938374887081E18
2015.3199999999679,0.0,1.0983433307954078E19,4.7284545333573816E18
2015.3599999999678,0.0,1.1773983386731792E19,5.0795992138404966E18
2015.3999999999678,0.0,1.2617414329412076E19,5.4559571723571384E18
2015.4399999999678,0.0,1.3516957712255998E19,5.8592103170231685E18
2015.4799999999677,0.0,1.447602052348654E19,6.2911430027197522E18
2015.5199999999677,0.0,1.5498193174274802E19,6.7536475689655572E18
2015.5599999999677,0.0,1.6587257777063174E19,7.2487301291977185E18
2015.5999999999676,0.0,1.774719669381776E19,7.7785166197546086E18
2015.6399999999676,0.0,1.8982201356363035E19,8.3452591169267415E18
2015.6799999999675,0.0,2.0296681360475718E19,8.9513424305013258E18
2015.7199999999675,0.0,2.1695273834901012E19,9.599290982269856E18
2015.7599999999675,0.0,2.3182853085901455E19,1.0291775977995573E19
2015.7999999999674,0.0,2.4764540517355782E19,1.1031622881347394E19
2015.8399999999674,0.0,2.64457148257911E19,1.1821819198297676E19
2015.8799999999674,0.0,2.8232022469055697E19,1.2665522580451832E19
2015.9199999999673,0.0,3.012938840662071E19,1.3566069255726825E19
2015.9599999999673,0.0,3.2144027108736164E19,1.4526982794721802E19
2015.9999999999673,0.0,3.4282453830859706E19,1.5551983221026064E19
2016.0399999999672,0.0,3.6551496148923924E19,1.6644996473585924E19
2016.0799999999672,0.0,3.895830575011041E19,1.7810164229101343E19
2016.1199999999671,0.0,4.151037047285469E19,1.9051854092244136E19
2016.159999999967,0.0,4.421552658881604E19,2.03746701612806E19
2016.199999999967,0.0,4.708197131850962E19,2.178346397644117E19
2016.239999999967,0.0,5.0118275571215426E19,2.328334585810683E19
2016.279999999967,0.0,5.333339689864925E19,2.487969664157478E19
2016.319999999967,0.0,5.673669265070581E19,2.6578179814823408E19
2016.359999999967,0.0,6.033793332036358E19,2.838475406531678E19
2016.399999999967,0.0,6.414731606357549E19,3.030568624147101E19
2016.4399999999669,0.0,6.817547837866057E19,3.2347564733947023E19
2016.4799999999668,0.0,7.243351192835937E19,3.451731328143548E19
2016.5199999999668,0.0,7.69329764863225E19,3.6822205205058363E19
2016.5599999999667,0.0,8.168591398836797E19,3.926987807492694E19
2016.5999999999667,0.0,8.670486266737071E19,4.18683488117661E19
2016.6399999999667,0.0,9.200287124913961E19,4.46260292258393E19
2016.6799999999666,0.0,9.759351318509432E19,4.755174199468564E19
2016.7199999999666,0.0,1.0349090089597977E20,5.065473708040969E19
2016.7599999999666,0.0,1.0970969999925282E20,5.394470858644454E19
2016.7999999999665,0.0,1.1626514349114576E20,5.7431812052838875E19
2016.8399999999665,0.0,1.2317304585275846E20,6.1126682188198175E19
2016.8799999999665,0.0,1.3044981704785946E20,6.504045103543837E19
2016.9199999999664,0.0,1.3811247637838796E20,6.918476656748643E19
2016.9599999999664,0.0,1.4617866616194967E20,7.357181170798652E19
2016.9999999999663,0.0,1.546666651938928E20,7.821432377094142E19
2017.0399999999663,0.0,1.635954019548408E20,8.312561431203809E19
2017.0799999999663,0.0,1.7298446752285167E20,8.831958938317159E19
2017.1199999999662,0.0,1.8285412814767335E20,9.381077018039545E19
2017.1599999999662,0.0,1.9322533744287816E20,9.961431407418715E19
2017.1999999999662,0.0,2.0411974814998997E20,1.0574603600952695E20
2017.2399999999661,0.0,2.1555972342707428E20,1.1222243026184621E20
2017.279999999966,0.0,2.275683476126478E20,1.1906069253340938E20
2017.319999999966,0.0,2.401694364141873E20,1.2627874237315201E20
2017.359999999966,0.0,2.5338754646898678E20,1.3389524590140822E20
2017.399999999966,0.0,2.672479842236286E20,1.419296388193246E20
2017.439999999966,0.0,2.8177681407691322E20,1.5040214968107726E20
2017.479999999966,0.0,2.970008657297333E20,1.5933382340528466E20
2017.5199999999659,0.0,3.129477406840938E20,1.6874654500024438E20
2017.5599999999658,0.0,3.296458178322766E20,1.7866306347581935E20
2017.5999999999658,0.0,3.4712425807603414E20,1.891070159129601E20
2017.6399999999658,0.0,3.654130079146775E20,2.0010295165997813E20
2017.6799999999657,0.0,3.845428019400152E20,2.11676356622784E20
2017.7199999999657,0.0,4.0454516417529676E20,2.23853677614376E20
2017.7599999999657,0.0,4.254524081946421E20,2.3666234672691472E20
2017.7999999999656,0.0,4.4729763595888905E20,2.501308056877493E20
2017.8399999999656,0.0,4.7011473530338555E20,2.6428853015877678E20
2017.8799999999655,0.0,4.9393837601299195E20,2.7916605393652174E20
2017.9199999999655,0.0,5.188040044194558E20,2.9479499300832333E20
2017.9599999999655,0.0,5.4474783645637994E20,3.112080694180155E20
2017.9999999999654,0.0,5.718068491072372E20,3.284391348924903E20
2018.0399999999654,0.0,6.000187701822983E20,3.465231941785476E20
2018.0799999999654,0.0,6.294220663609375E20,3.6549642803746374E20
2018.1199999999653,0.0,6.6005592943658E20,3.853962158427623E20
2018.1599999999653,0.0,6.919602607025522E20,4.0626115772474937E20
2018.1999999999653,0.0,7.251756534183074E20,4.281310962034864E20
2018.2399999999652,0.0,7.597433732969269E20,4.5104713725002986E20
2018.2799999999652,0.0,7.957053369564458E20,4.750516707139649E20
2018.3199999999651,0.0,8.331040882794368E20,5.001883900535172E20
2018.359999999965,0.0,8.719827726273961E20,5.2650231130284406E20
2018.399999999965,0.0,9.123851088588375E20,5.540397912094905E20
2018.439999999965,0.0,9.543553591025956E20,5.828485444734604E20
2018.479999999965,0.0,9.979382962406927E20,6.129776600178983E20
2018.519999999965,0.0,1.0431791690582236E21,6.444776162200158E20
2018.559999999965,0.0,1.0901236650210684E21,6.774002950296353E20
2018.599999999965,0.0,1.1388178706458554E21,7.117989949015686E20
2018.6399999999649,0.0,1.1893082294304666E21,7.47728442467011E20
2018.6799999999648,0.0,1.2416414973175065E21,7.85244802868213E20
2018.7199999999648,0.0,1.2958646956675398E21,8.244056886799111E20
2018.7599999999647,0.0,1.3520250617235434E21,8.652701673403518E20
2018.7999999999647,0.0,1.4101699965529196E21,9.078987670142471E20
2018.8399999999647,0.0,1.4703470104585563E21,9.523534808096586E20
2018.8799999999646,0.0,1.53260366585582E21,9.986977692706222E20
2018.9199999999646,0.0,1.596987517617999E21,1.0469965610673243E21
2018.9599999999646,0.0,1.6635460508985855E21,1.0973162518058011E21
2018.9999999999645,0.0,1.7323266164448892E21,1.1497247008794888E21
2019.0399999999645,0.0,1.8033763634237882E21,1.2042912262854982E21
2019.0799999999645,0.0,1.8767421697869593E21,1.2610865973292274E21
2019.1199999999644,0.0,1.9524705702096638E21,1.3201830251418765E21
2019.1599999999644,0.0,2.0306076816440828E21,1.3816541509365858E21
2019.1999999999643,0.0,2.1111991265352968E21,1.445575031930293E21
2019.2399999999643,0.0,2.1942899537552723E21,1.5120221248600057E21
2019.2799999999643,0.0,2.2799245573176243E21,1.5810732670240012E21
2019.3199999999642,0.0,2.368146592943474E21,1.6528076547805303E21
2019.3599999999642,0.0,2.458998892556382E21,1.727305819438879E21
2019.3999999999642,0.0,2.552523376792102E21,1.804649600480181E21
2019.4399999999641,0.0,2.648760965616735E21,1.8849221160481296E21
2019.479999999964,0.0,2.747751487154775E21,1.9682077306527629E21
2019.519999999964,0.0,2.8495335848364773E21,2.054592020033735E21
2019.559999999964,0.0,2.954144622981932E21,2.144161733133004E21
2019.599999999964,0.0,3.0616205909471957E21,2.2370047511306007E21
2019.639999999964,0.0,3.171996005965748E21,2.333210043501142E21
2019.679999999964,0.0,3.285303814826422E21,2.4328676210529875E21
2019.7199999999639,0.0,3.401575294536757E21,2.536068485916409E21
2019.7599999999638,0.0,3.520839952128409E21,2.6429045784518763E21
2019.7999999999638,0.0,3.6431254237688397E21,2.753468721054488E21
2019.8399999999638,0.0,3.768457373350885E21,2.867854558835795E21
2019.8799999999637,0.0,3.896859390739069E21,2.986156497169637E21
2019.9199999999637,0.0,4.0283528898585213E21,3.108469636094276E21
2019.9599999999637,0.0,4.162957006819144E21,3.234889701568929E21
2019.9999999999636,0.0,4.3006884982741973E21,3.3655129735888613E21
2020.0,0.0,4.30068849840089E21,3.365512973709603E21
